Serial Number,Portal,Published Date,Author,Headline,URL Link,Sentiment Label,Sentiment Score
1,NationalHerald,15-Jul-2024,PTI,"Kejriwal lost 2 kg in prison, being monitored by AIIMS, say Tihar sources",https://www.nationalheraldindia.com/national/arvind-kejriwal-lost-2-kg-in-prison-being-monitored-by-aiims-say-tihar-sources,Neutral,0.785958052
2,NationalHerald,15-Jul-2024,PTI,Trump assassination attempt being probed as domestic terrorism act: FBI,https://www.nationalheraldindia.com/international/trump-assassination-attempt-being-probed-as-domestic-terrorism-act-fbi,Negative,0.787873507
3,NationalHerald,15-Jul-2024,PTI,"6 killed, several injured as truck hits bus on expressway in Gujarat's Anand",https://www.nationalheraldindia.com/national/6-killed-several-injured-as-truck-hits-bus-on-expressway-in-gujarats-anand,Negative,0.965928197
4,NationalHerald,15-Jul-2024,PTI,Naval team to join rescue efforts to find missing sanitation worker in Kerala,https://www.nationalheraldindia.com/national/naval-team-to-join-rescue-efforts-to-find-missing-sanitation-worker-in-kerala,Neutral,0.967936456
5,NationalHerald,15-Jul-2024,PTI,"Biden calls for ""national unity"" after assassination attempt on Trump; orders independent review",https://www.nationalheraldindia.com/international/biden-calls-for-national-unity-after-assassination-attempt-on-trump-orders-independent-review,Neutral,0.907520711
6,NationalHerald,15-Jul-2024,PTI,"Floods hit around 1,500 villages across 22 districts in Uttar Pradesh",https://www.nationalheraldindia.com/national/floods-hit-around-1500-villages-across-22-districts-in-uttar-pradesh,Negative,0.912909746
7,NationalHerald,15-Jul-2024,PTI,Congress wishes K P Sharma Oli on being appointed Nepal PM,https://www.nationalheraldindia.com/national/congress-wishes-k-p-sharma-oli-on-being-appointed-nepal-pm,Positive,0.833428025
8,NationalHerald,15-Jul-2024,PTI,Elgar Parishad case: SC refuses to grant interim bail to jailed activist Jyoti Jagtap,https://www.nationalheraldindia.com/national/elgar-parishad-case-sc-refuses-to-grant-interim-bail-to-jailed-activist-jyoti-jagtap,Negative,0.57840097
9,NationalHerald,15-Jul-2024,PTI,"Security of leaders cannot become “cheap politics,” says Pawan Khera",https://www.nationalheraldindia.com/national/security-of-leaders-cannot-become-cheap-politics-says-pawan-khera,Neutral,0.644213736
10,NationalHerald,15-Jul-2024,PTI,GTB doctors go on indefinite strike after patient shot dead in ward,https://www.nationalheraldindia.com/national/gtb-doctors-go-on-indefinite-strike-after-patient-shot-dead-in-ward,Negative,0.962257206
11,NationalHerald,15-Jul-2024,PTI,"When will govt, PM Modi wake up: Priyanka demands action after CRPF jawan killed in Manipur",https://www.nationalheraldindia.com/national/when-will-govt-pm-modi-wake-up-priyanka-demands-action-after-crpf-jawan-killed-in-manipur,Negative,0.85890007
12,NationalHerald,14-Jul-2024,Mahibul Hoque,The struggles of Assam's gamusa weavers,https://www.nationalheraldindia.com/national/the-struggles-of-assams-gamusa-weavers,Neutral,0.893428266
13,NationalHerald,14-Jul-2024,Sopan Joshi,"Book Extract: Know your onions, er, mangoes",https://www.nationalheraldindia.com/book-extract/book-extract-know-your-onions-er-mangoes,Neutral,0.93676573
14,NationalHerald,14-Jul-2024,PTI,Arvind Kejriwal's health condition 'worrying': AAP,https://www.nationalheraldindia.com/national/arvind-kejriwals-health-condition-worrying-aap,Negative,0.959021926
15,NationalHerald,14-Jul-2024,PTI,Patient shot dead inside Delhi's GTB hospital,https://www.nationalheraldindia.com/national/patient-shot-dead-inside-delhis-gtb-hospital,Negative,0.946044922
16,NationalHerald,14-Jul-2024,PTI,Woman killed in UP over suspicion of performing black magic to kill girl in Calcutta,https://www.nationalheraldindia.com/national/woman-killed-in-up-over-suspicion-of-performing-black-magic-to-kill-girl-in-calcutta,Negative,0.94892478
17,NationalHerald,14-Jul-2024,PTI,KP Sharma Oli appointed Nepal's new prime minister,https://www.nationalheraldindia.com/international/kp-sharma-oli-appointed-nepals-new-prime-minister,Neutral,0.892063737
18,NationalHerald,14-Jul-2024,NH Digital,"Corporate tax cut put Rs 2 lakh crore in billionaires' pockets, Congress points out",https://www.nationalheraldindia.com/national/corporate-tax-cut-put-rs-2-lakh-crore-in-billionaires-pockets-congress-points-out,Neutral,0.764289379
19,NationalHerald,14-Jul-2024,Hasan Suroor,London Diary: India-Labour ‘bhai bhai’? Not so fast,https://www.nationalheraldindia.com/international/london-diary-india-labour-bhai-bhai-not-so-fast,Negative,0.783329844
20,NationalHerald,14-Jul-2024,NH Digital,"Donald Trump shot at election rally, suspected shooter dead",https://www.nationalheraldindia.com/international/trump-attacked-during-pennsylvania-rally-suspected-shooter-shot-dead,Negative,0.94522053
21,NationalHerald,14-Jul-2024,Jawaharlal Nehru,Nehru’s Word: The Congress organisation must be reformed throughout,https://www.nationalheraldindia.com/national/nehrus-word-the-congress-organisation-must-be-reformed-throughout,Neutral,0.904932082
22,NationalHerald,14-Jul-2024,Herald View,Herald View: Back on the Vishwaguru trail,https://www.nationalheraldindia.com/opinion/herald-view-back-on-the-vishwaguru-trail,Neutral,0.97556597
23,NationalHerald,13-Jul-2024,PTI,Several BJP MLAs want to join Congress in Assam: MP Pradyut Bordoloi,https://www.nationalheraldindia.com/politics/several-bjp-mlas-want-to-join-congress-in-assam-mp-pradyut-bordoloi,Neutral,0.927550972
24,NationalHerald,13-Jul-2024,Agencies,Victory in Bengal bypolls equally significant as LS results: Mamata Banerjee,https://www.nationalheraldindia.com/national/victory-in-bengal-bypolls-equally-significant-as-ls-results-mamata-banerjee,Positive,0.932522535
25,NationalHerald,13-Jul-2024,PTI,Narendra Modi govt's betrayal of Jammu and Kashmir continues: Congress,https://www.nationalheraldindia.com/national/narendra-modi-govts-betrayal-of-jammu-and-kashmir-continues-congress,Negative,0.972064555
26,NationalHerald,14-Jul-2024,PTI,KP Sharma Oli appointed Nepal's new prime minister,https://www.nationalheraldindia.com/international/kp-sharma-oli-appointed-nepals-new-prime-minister,Neutral,0.892063737
27,NationalHerald,14-Jul-2024,Mahibul Hoque,The struggles of Assam's gamusa weavers,https://www.nationalheraldindia.com/national/the-struggles-of-assams-gamusa-weavers,Neutral,0.893428266
28,NationalHerald,13-Jul-2024,Dhirendra Awasthi,Haryana: The BJP’s (mis)deeds come home to roost,https://www.nationalheraldindia.com/national/haryana-the-bjps-misdeeds-come-home-to-roost,Negative,0.908053458
29,NationalHerald,13-Jul-2024,AJ Prabal,"Climbing Mount Gujarat, the Rahul Gandhi way",https://www.nationalheraldindia.com/national/climbing-mount-gujarat-the-rahul-gandhi-way,Neutral,0.871960878
30,NationalHerald,13-Jul-2024,Suresh Dharur,Telangana: Warring siblings kiss and make up,https://www.nationalheraldindia.com/national/telangana-warring-siblings-kiss-and-make-up,Neutral,0.849246979
31,NationalHerald,13-Jul-2024,IANS,ICJ to issue advisory opinion on Israel's occupation of Palestinian land on 19 July,https://www.nationalheraldindia.com/international/icj-to-issue-advisory-opinion-on-israels-occupation-of-palestinian-land-on-19-july,Neutral,0.723500431
32,NationalHerald,13-Jul-2024,Avay Shukla,Mr Modi's space problem?,https://www.nationalheraldindia.com/opinion/isro-chief-wants-to-send-pm-narendra-modi-on-space-flight,Negative,0.5148772
33,NationalHerald,14-Jul-2024,Jawaharlal Nehru,Nehru’s Word: The Congress organisation must be reformed throughout,https://www.nationalheraldindia.com/national/nehrus-word-the-congress-organisation-must-be-reformed-throughout,Neutral,0.904932082
34,The NewsMinute,8-Jul-2024,Haritha John,Ground Report: How BJP made Ezhava voters sway right in Left bastion of Alappuzha,https://www.thenewsminute.com/kerala/ground-report-how-bjp-made-ezhava-voters-sway-right-in-left-bastion-of-alappuzha,Neutral,0.973764122
35,The NewsMinute,8-Jul-2024,Cris,"In Kerala, an amoebic infection killed three children in two months",https://www.thenewsminute.com/kerala/in-kerala-an-amoebic-infection-killed-three-children-in-two-months,Negative,0.974767685
36,The NewsMinute,8-Jul-2024,Krishnapriya P,"Bengaluru NGO sets up shelter to provide support to transmasculine, intersex persons",https://www.thenewsminute.com/karnataka/bengaluru-ngo-sets-up-shelter-to-provide-support-to-transmasculine-intersex-persons,Neutral,0.825859725
37,The NewsMinute,8-Jul-2024,Haritha Manav,"Kerala Cricket Assn sat on sexual assault, bullying complaints against coach since 2018",https://www.thenewsminute.com/kerala/kerala-cricket-assn-sat-on-sexual-assault-bullying-complaints-against-coach-since-2018,Negative,0.854856372
38,The NewsMinute,5-Jul-2024,TNM Staff,Madras HC says Rs 10 Lakh compensation to kin of Kallakurichi victims is too high,https://www.thenewsminute.com/tamil-nadu/madras-hc-says-rs-10-lakh-compensation-to-kin-of-kallakurichi-victims-is-too-high,Negative,0.679940224
39,The NewsMinute,4-Jul-2024,Bharathy Singaravel,"Kallakurichi tragedy: No, prohibition will not end illicit liquor deaths",https://www.thenewsminute.com/long-form/kallakurichi-tragedy-no-prohibition-will-not-end-illicit-liquor-deaths,Negative,0.943711281
40,The NewsMinute,4-Jul-2024,TNM Staff,Kallakurichi tragedy: CB-CID seizes 2000 litres of Methanol from petrol pump,https://www.thenewsminute.com/tamil-nadu/kallakurichi-tragedy-cb-cid-seizes-2000-litres-of-methanol-from-petrol-pump,Negative,0.737309694
41,The NewsMinute,1-Jul-2024,Azeefa Fathima,Kallukurichi tragedy: Madras HC takes up suo motu case on illicit liquor business,https://www.thenewsminute.com/tamil-nadu/kallukurichi-tragedy-madras-hc-takes-up-suo-motu-case-on-illicit-liquor-business,Neutral,0.956206441
42,The NewsMinute,28-Jun-2024,Nidharshana Raju,"TN earns Rs 44,121 cr from TASMAC, spends only Rs 5 cr on rehab of bootleggers",https://www.thenewsminute.com/tamil-nadu/tn-earns-rs-44121-cr-from-tasmac-spends-only-rs-5-cr-on-rehab-of-bootleggers,Neutral,0.961792827
43,The NewsMinute,8-Jul-2024,Aaliya Farzeen Ashraf,Ullozhukku reignites debate on representation of women in Malayalam cinema,https://www.thenewsminute.com/flix/ullozhukku-reignites-debate-on-representation-of-women-in-malayalam-cinema,Neutral,0.838004053
44,The NewsMinute,7-Jul-2024,TNM Staff,"WCC welcomes SIC order to issue Hema Committee report, says it gives hope",https://www.thenewsminute.com/kerala/wcc-welcomes-sic-order-to-issue-hema-committee-report-says-it-gives-hope,Positive,0.982393146
45,The NewsMinute,5-Jul-2024,Balakrishna Ganeshan,Kill review: Lakshya’s train thriller is packed with fantastic action sequences,https://www.thenewsminute.com/flix/kill-review-lakshyas-train-thriller-is-packed-with-fantastic-action-sequences,Positive,0.988773048
46,The NewsMinute,5-Jul-2024,Swaroop Kodur,"Bisi-Bisi Ice-Cream review: A funny, charming entertainer elevated by its central cast",https://www.thenewsminute.com/flix/bisi-bisi-ice-cream-review-a-funny-charming-entertainer-elevated-by-its-central-cast,Positive,0.967371225
47,ThePrint,10-Jul-2024,Sreyashi Dey,"SOP for entry, medics on standby — how team plans to inventory Jagannath temple’s Ratna Bhandar",https://theprint.in/india/sop-for-entry-medics-on-standby-how-team-plans-to-inventory-jagannath-temples-ratna-bhandar/2168463/,Neutral,0.978411436
48,ThePrint,10-Jul-2024,Bismee Taskin,"‘Unhappy’ father who killed & buried his newborn female twins, arrested. Wished for a male child",https://theprint.in/india/unhappy-father-who-killed-buried-his-newborn-female-twins-arrested-wished-for-a-male-child/2168348/,Negative,0.978292406
49,ThePrint,10-Jul-2024,Shivani Mago,"Modi ‘bear-hugs’ Putin, Russia ‘strategic spoiler’ for the West & ‘warning signs’ for India’s economy",https://theprint.in/global-pulse/modi-bear-hugs-putin-russia-strategic-spoiler-for-the-west-warning-signs-for-indias-economy/2168410/,Negative,0.8183797
50,ThePrint,10-Jul-2024,Keshav Padmanabhan,"Myanmar deputy PM leads delegation to India for BIMSTEC meet, ‘will strengthen regional cooperation’",https://theprint.in/diplomacy/myanmar-deputy-pm-leads-delegation-to-india-for-bimstec-meet-will-strengthen-regional-cooperation/2168296/,Positive,0.692804039
51,ThePrint,10-Jul-2024,Apoorva Mandhani,"After 16 years, SC comes to rescue of visually impaired CSE 2008 candidates, directs appointment",https://theprint.in/judiciary/after-16-years-sc-comes-to-rescue-of-visually-impaired-cse-2008-candidates-directs-appointment/2168240/,Neutral,0.74781853
52,ThePrint,10-Jul-2024,Sushil Manav,"RSS worker, Khattar loyalist & 1st time MLA — who is new Haryana BJP president Mohan Lal Badoli",https://theprint.in/politics/rss-worker-khattar-loyalist-1st-time-mla-who-is-new-haryana-bjp-president-mohan-lal-badoli/2167976/,Neutral,0.975266874
53,ThePrint,10-Jul-2024,ANI,Massive search underway after terrorists kill 5 soldiers in Jammu’s Kathua,https://theprint.in/india/massive-search-underway-after-terrorists-kill-5-soldiers-in-jammus-kathua/2167972/,Negative,0.965508461
54,ThePrint,10-Jul-2024,ANI,Assembly bypolls: Voting underway in 13 seats across 7 states,https://theprint.in/politics/assembly-bypolls-voting-underway-in-13-seats-across-7-states/2167966/,Neutral,0.971134365
55,ThePrint,10-Jul-2024,PTI,"18 killed, 19 injured after bus rams into milk tanker in UP’s Unnao",https://theprint.in/india/18-killed-19-injured-as-bus-hits-milk-tanker-in-ups-unnao/2167901/,Negative,0.963824391
56,ThePrint,9-Jul-2024,Vladimir Soldatkin,"Modi tells Putin that ‘heart bleeds’ when children are killed, day after lethal strike on children’s hospital in Kyiv",https://theprint.in/diplomacy/indias-modi-tells-putin-that-heart-bleeds-when-children-are-killed/2167168/,Negative,0.966133654
57,ThePrint,10-Jul-2024,Akanksha Mishra,‘Just want to convert Nicobar into Singapore’ — why the island project is a ‘monumental folly’,https://theprint.in/feature/around-town/just-want-to-convert-nicobar-into-singapore-why-the-island-project-is-a-monumental-folly/2168192/,Negative,0.666229308
58,ThePrint,10-Jul-2024,Sushil Manav,"RSS worker, Khattar loyalist & 1st time MLA — who is new Haryana BJP president Mohan Lal Badoli",https://theprint.in/politics/rss-worker-khattar-loyalist-1st-time-mla-who-is-new-haryana-bjp-president-mohan-lal-badoli/2167976/,Neutral,0.975266874
59,ThePrint,10-Jul-2024,Sharan Poovanna,"Denied cabinet berth in new NDA govt, Dalit Karnataka BJP MP calls out own party as being ‘anti-Dalit’",https://theprint.in/politics/denied-cabinet-berth-in-new-nda-govt-dalit-karnataka-bjp-mp-calls-out-own-party-as-being-anti-dalit/2167928/,Negative,0.873839259
60,ThePrint,10-Jul-2024,Prabhakar Tamilarasu,"In AIADMK’s boycott of today’s Vikravandi bypoll, a message to former ally PMK",https://theprint.in/politics/in-aiadmks-boycott-of-todays-vikravandi-bypoll-a-message-to-former-ally-pmk/2167343/,Neutral,0.957700849
61,ThePrint,9-Jul-2024,Sreyashi Dey,"Embroiled in row over ‘beef passes’, Union MoS suggests BSF ‘giving political shelter to TMC’",https://theprint.in/politics/embroiled-in-row-over-beef-passes-union-mos-suggests-bsf-giving-political-shelter-to-tmc/2167199/,Neutral,0.954810083
62,ThePrint,9-Jul-2024,Shikha Salaria,"Kirti Chakra awardee’s mother meets Rahul Gandhi, hopes he ‘does something’ about Agnipath scheme",https://theprint.in/politics/kirti-chakra-awardees-mother-meets-rahul-gandhi-hopes-he-does-something-about-agnipath-scheme/2167381/,Neutral,0.965713859
63,ThePrint,9-Jul-2024,Shanker Arnimesh,"BJP’s reports pinpoint Agnipath as factor in LS setbacks across states, cadres want review of scheme",https://theprint.in/politics/bjps-reports-pinpoint-agnipath-as-factor-in-ls-setbacks-across-states-cadres-want-review-of-scheme/2167109/,Neutral,0.734374642
64,ThePrint,8-Jul-2024,Niraj Sinha,"Wiped out in Jharkhand tribal seats, BJP rakes up ‘demographic change’ due to ‘Bangladeshi infiltrators’",https://theprint.in/politics/wiped-out-in-jharkhand-tribal-seats-bjp-rakes-up-demographic-change-due-to-bangladeshi-infiltrators/2164775/,Negative,0.738450229
65,ThePrint,9-Jul-2024,ThePrint Team,Modi govt walking tightest of tightrope with first visit to Russia; hell of a contradiction here,https://theprint.in/50-word-edit/modi-govt-walking-tightest-of-tightrope-with-first-visit-to-russia-hell-of-a-contradiction-here/2166779/,Negative,0.887217343
66,ThePrint,9-Jul-2024,Pia Krishnankutty,‘Solution can’t be found on battlefield’ — Modi’s clear message to Putin on Ukraine war,https://theprint.in/diplomacy/solution-cant-be-found-on-battlefield-modis-clear-message-to-putin-on-ukraine-war/2166404/,Neutral,0.6185745
67,ThePrint,9-Jul-2024,Keshav Padmanabhan,"Parkinson’s specialist treated other patients, examined Biden only for annual physical — White House",https://theprint.in/world/parkinsons-specialist-treated-other-patients-examined-biden-only-for-annual-physical-white-house/2167248/,Neutral,0.943470359
68,ThePrint,10-Jul-2024,Sana Hashmi,Chinese are angry that West isn’t outraged enough by Modi meeting Putin,https://theprint.in/opinion/chinese-are-angry-that-west-isnt-outraged-enough-by-modi-meeting-putin/2167665/,Negative,0.828147769
69,ThePrint,9-Jul-2024,Smruti Deshpande,How many times has IAF changed its roundel? New book on Indian armed forces has it all,https://theprint.in/defence/how-many-times-has-iaf-changed-its-roundel-new-book-on-indian-armed-forces-has-it-all/2166429/,Neutral,0.972760618
70,ThePrint,10-Jul-2024,Shivani Mago,"Modi ‘bear-hugs’ Putin, Russia ‘strategic spoiler’ for the West & ‘warning signs’ for India’s economy",https://theprint.in/global-pulse/modi-bear-hugs-putin-russia-strategic-spoiler-for-the-west-warning-signs-for-indias-economy/2168410/,Negative,0.8183797
71,ThePrint,10-Jul-2024,Apoorva Mandhani,"After 16 years, SC comes to rescue of visually impaired CSE 2008 candidates, directs appointment",https://theprint.in/judiciary/after-16-years-sc-comes-to-rescue-of-visually-impaired-cse-2008-candidates-directs-appointment/2168240/,Neutral,0.74781853
72,ThePrint,10-Jul-2024,K Hariharan,"Kamal Haasan’s birth was as dramatic as his films. ‘He was huge, pink & a bit scary’",https://theprint.in/pageturner/excerpt/kamal-haasans-birth-was-as-dramatic-as-his-films-he-was-huge-pink-a-bit-scary/2167965/,Neutral,0.847510934
73,ThePrint,10-Jul-2024,Sreyashi Dey,"SOP for entry, medics on standby — how team plans to inventory Jagannath temple’s Ratna Bhandar",https://theprint.in/india/sop-for-entry-medics-on-standby-how-team-plans-to-inventory-jagannath-temples-ratna-bhandar/2168463/,Neutral,0.978411436
74,ThePrint,10-Jul-2024,Bismee Taskin,"‘Unhappy’ father who killed & buried his newborn female twins, arrested. Wished for a male child",https://theprint.in/india/unhappy-father-who-killed-buried-his-newborn-female-twins-arrested-wished-for-a-male-child/2168348/,Negative,0.978292406
75,ThePrint,10-Jul-2024,Mayank Kumar,"Thanjavur PhD scholar gets life for ‘sexually abusing minors, using them to make pornographic content’",https://theprint.in/india/thanjavur-phd-scholar-gets-life-for-sexually-abusing-minors-using-them-to-make-pornographic-content/2168092/,Negative,0.966829121
76,ThePrint,10-Jul-2024,Shikha Salaria,"SIT pins Hathras stampede blame on satsang organisers & local admin, UP govt suspends 6 officials",https://theprint.in/india/sit-pins-hathras-stampede-blame-on-satsang-organisers-local-admin-up-govt-suspends-6-officials/2166992/,Negative,0.874006689
77,ThePrint,10-Jul-2024,Purva Chitnis,"In Pune, IAS trainee’s ‘misconduct’ & ‘VIP’ demands result in transfer, flak from civil servants",https://theprint.in/india/in-pune-ias-trainees-misconduct-vip-demands-result-in-transfer-flak-from-civil-servants/2167571/,Negative,0.962135553
78,ThePrint,9-Jul-2024,Sharan Poovanna,"Karnataka BJP MLA says Rahul should be slapped in Parliament, Congress dares him to touch LoP",https://theprint.in/india/karnataka-bjp-mla-says-rahul-should-be-slapped-in-parliament-congress-dares-him-to-touch-lop/2167164/,Negative,0.82850492
79,ThePrint,9-Jul-2024,ThePrint Team,"Union govt reopens PLI Scheme for white goods, extends application window for 90 days",https://theprint.in/india/union-govt-reopens-pli-scheme-for-white-goods-extends-application-window-for-90-days/2167110/,Neutral,0.818244636
80,ThePrint,10-Jul-2024,TCA Sharad Raghavan,"54 lakh informal jobs lost, stagnant worker output — how DeMo, GST & COVID hit India’s manufacturing",https://theprint.in/economy/54-lakh-informal-jobs-lost-stagnant-worker-output-how-demo-gst-covid-hit-indias-manufacturing/2168103/,Negative,0.950145662
81,ThePrint,9-Jul-2024,Sharan Poovanna,Bengaluru bike taxi riders fear more attacks on fraternity as govt flip-flop leaves them stranded,https://theprint.in/economy/bengaluru-bike-taxi-riders-fear-more-attacks-on-fraternity-as-govt-flip-flop-leaves-them-stranded/2167035/,Negative,0.958211482
82,ThePrint,8-Jul-2024,Ira Dugal,"Jobs, rural India likely to be focus of new Modi government’s first budget, says Goldman Sachs",https://theprint.in/india/jobs-rural-india-likely-to-be-focus-of-new-modi-governments-first-budget-says-goldman-sachs/2164977/,Neutral,0.583745658
83,ThePrint,9-Jul-2024,Sharan Poovanna,Bengaluru bike taxi riders fear more attacks on fraternity as govt flip-flop leaves them stranded,https://theprint.in/economy/bengaluru-bike-taxi-riders-fear-more-attacks-on-fraternity-as-govt-flip-flop-leaves-them-stranded/2167035/,Negative,0.958211482
84,ThePrint,8-Jul-2024,Soumya Pillai,Govt grants patent to Bengaluru firm for first-of-its-kind system to manage Aadhaar data,https://theprint.in/tech/govt-grants-patent-to-bengaluru-firm-for-first-of-its-kind-system-to-manage-aadhaar-data/2165732/,Neutral,0.576753676
85,ThePrint,8-Jul-2024,Risha Chitlangia,"Only 41% projects under housing ministry’s now-lapsed satellite town scheme complete, CAG tells Centre",https://theprint.in/india/governance/only-41-projects-under-housing-ministrys-now-lapsed-satellite-town-scheme-complete-cag-tells-centre/2165260/,Neutral,0.958517075
86,ThePrint,8-Jul-2024,ThePrint Team,"In Bihar, a ‘suspense’ bridge — will it collapse or not?",https://theprint.in/last-laughs/in-bihar-a-suspense-bridge-will-it-collapse-or-not/2165423/,Neutral,0.705674946
87,ThePrint,10-Jul-2024,Almina Khatoon,Bigg Boss going soft on Armaan Malik’s slap is a new low. Salman wouldn’t have let it slide,https://theprint.in/opinion/pov/bigg-boss-going-soft-on-armaan-maliks-slap-is-a-new-low-salman-wouldnt-have-let-it-slide/2167301/,Negative,0.954992235
88,ThePrint,10-Jul-2024,Reuters,Alec Baldwin ‘Rust’ jurors to hear opening statements,https://theprint.in/entertainment/alec-baldwin-rust-jurors-to-hear-opening-statements/2168444/,Neutral,0.96969372
89,ThePrint,10-Jul-2024,Reuters,Manchester United reports wider loss in third quarter,https://theprint.in/sport/manchester-united-reports-wider-loss-in-third-quarter/2168590/,Negative,0.940083146
90,ThePrint,9-Jul-2024,Reuters,Meta and Vodafone optimise video to boost network efficiency,https://theprint.in/tech/meta-and-vodafone-optimise-video-to-boost-network-efficiency/2166523/,Positive,0.840285897
91,TheWeek,11-Jul-2024,Web Desk,Can we expect Panchayat's Sachiv ji to join Mirzapur universe in Season 4?,https://www.theweek.in/news/entertainment/2024/07/11/can-we-expect-panchayat-sachiv-ji-in-mirzapur-season-4.html,Neutral,0.968292654
92,TheWeek,10-Jul-2024,PTI,Bihar  9.27 voter turnout till 9 am in Rupauli assembly bypoll,https://www.theweek.in/wire-updates/national/2024/07/10/cal4-bh-bypoll-turnout.html,Neutral,0.973434746
93,TheWeek,11-Jul-2024,Web Desk,Kerala's Vizhinjam port receives its first mothership; 'San Fernando' gets a water salute,https://www.theweek.in/news/biz-tech/2024/07/11/keralas-vizhinjam-port-receives-its-first-mothership-san-fernando-gets-a-water-salute.html,Positive,0.569400609
94,TheWeek,11-Jul-2024,Web desk,"State divided into two parts, no improvement in Manipur situation: Rahul Gandhi",https://www.theweek.in/news/india/2024/07/11/state-divided-into-two-parts-no-improvement-in-manipur-situation-rahul-gandhi.html,Negative,0.903589725
95,TheWeek,10-Jul-2024,PTI,India take series lead over Zimbabwe with all-round show in third T20,https://www.theweek.in/news/sports/2024/07/10/india-take-series-lead-over-zimbabwe-with-all-round-show-in-thir.html,Neutral,0.891103327
96,TheWeek,10-Jul-2024,Web Desk,World Population Day: These are the top 5 least populated countries,https://www.theweek.in/leisure/society/2024/07/10/world-population-day-these-are-the-top-5-least-populated-countries.html,Neutral,0.943437457
97,TheWeek,11-Jul-2024,The Week Focus,Energy Opportunities - A Big Investment Theme,https://www.theweek.in/konnect/economy/2024/07/11/energy-opportunities-a-big-investment-theme.html,Positive,0.912216187
98,TheWeek,10-Jul-2024,Suparna  Sharma,Wild Wild Punjab: A 120-minute long parade of blundering incompetents,https://www.theweek.in/review/movies/2024/07/10/wild-wild-punjab-a-120-minute-long-parade-of-blundering-incompetents.html,Negative,0.979624391
99,TheWeek,11-Jul-2024,PTI,"Markets rebound in early trade on global market rally, foreign fund inflows",https://www.theweek.in/news/biz-tech/2024/07/11/markets-rebound-in-early-trade-on-global-market-rally-foreign-fund-inflows.html,Neutral,0.544433534
100,TheWeek,11-Jul-2024,Ajish P Joy,Trump's vice president choice down to three,https://www.theweek.in/voices/columns/ajish-p-joy/2024/07/11/trumps-vice-president-choice-down-to-three.html,Neutral,0.771641791
101,TheWeek,11-Jul-2024,PTI,CBI likely to file chargesheet against youth who circulated 'doctored' screenshot of UGC-NET paper,https://www.theweek.in/news/india/2024/07/11/cbi-likely-to-file-chargesheet-against-youth-who-circulated-doctored-screenshot-of-ugc-net-paper.html,Neutral,0.719969809
102,TheWeek,11-Jul-2024,K. Sunil Thomas,India’s electric vehicle revolution is seeing its thunder stolen by an unlikely suspect,https://www.theweek.in/news/biz-tech/2024/07/11/indias-electric-vehicle-revolution-is-seeing-its-thunder-stolen-by-an-unlikely-suspect.html,Negative,0.658475876
103,TheWeek,10-Jul-2024,PTI,NEWSALERT,https://www.theweek.in/wire-updates/national/2024/07/10/lgd5-newsalert--sc-west-bengal-cbi-consent-3.html,Neutral,0.894585609
104,TheWeek,11-Jul-2024,Web desk,"India likely to skip Pakistan for Champions Trophy, suggests Dubai, Sri Lanka as alternate venues",https://www.theweek.in/news/sports/2024/07/11/india-likely-to-skip-pakistan-for-champions-trophy-suggests-dubai-sri-lanka-as-alternate-venues.html,Neutral,0.972116172
105,TheWeek,11-Jul-2024,Web Desk,"Fake Telegram video, bell-curve, increase in marks: What NTA, Centre told SC in affidavit",https://www.theweek.in/news/india/2024/07/11/fake-telegram-video-bell-curve-increase-in-marks-what-nta-centre-told-sc-in-affidavit.html,Negative,0.745987356
106,TheWeek,11-Jul-2024,Web Desk,'Manjummel Boys' frenzy: Here's why re-release of Kamal Haasan's  'Gunaa' was stopped by Madras HC,https://www.theweek.in/news/entertainment/2024/07/11/kollywood-manjummel-boys-frenzy-here-s-why-re-release-of-kamal-haasan-s-gunaa-was-stopped-by-madras-hc.html,Neutral,0.544886947
107,TheWeek,10-Jul-2024,Web Desk,Did Lionel Messi actually pose with baby Lamine Yamal? Here's the truth about the viral photo,https://www.theweek.in/news/sports/2024/07/10/did-lionel-messi-actually-pose-with-baby-lamine-yamal-heres-the-truth-about-the-viral-photo.html,Neutral,0.949593544
108,TheWeek,10-Jul-2024,PTI,NEWSALERT,https://www.theweek.in/wire-updates/national/2024/07/10/lgd4-newsalert-sc-wb-cbi-consent-2.html,Neutral,0.894585609
109,TheWeek,10-Jul-2024,Dr Gaurav Kharya,How cell and gene therapies revolutionising cancer care in India,https://www.theweek.in/news/health/2024/07/10/how-cell-and-gene-therapies-revolutionising-cancer-care-in-india.html,Neutral,0.728258431
110,TheWeek,11-Jul-2024,Mathew T George,India’s first GenAI conclave kicks off in Kochi,https://www.theweek.in/news/india/2024/07/11/indias-first-genai-conclave-kicks-off-in-kochi.html,Neutral,0.9697299
111,TheWeek,11-Jul-2024,Soni Mishra,Explained: SC judgement on maintenance for divorced Muslim women,https://www.theweek.in/news/india/2024/07/11/explained-sc-judgment-on-maintenance-for-divorced-muslim-women.html,Neutral,0.970203757
112,TheWeek,10-Jul-2024,PTI,Over 4 600 pilgrims leave Jammu base camp to join Amarnath Yatra,https://www.theweek.in/wire-updates/national/2024/07/10/des6-jk-amarnath-batch.html,Neutral,0.97978884
113,TheWeek,11-Jul-2024,PTI,Disha Salian death case: Mumbai police summons BJP MLA Nitesh Rane,https://www.theweek.in/news/india/2024/07/11/disha-salian-death-case-mumbai-police-summons-bjp-mla-nitesh-rane.html,Negative,0.524430215
114,TheWeek,11-Jul-2024,Paul Mathews And Koshy Mathew,From healthy to super-healthy: The changing landscape of food industry in India,https://www.theweek.in/news/health/2024/07/11/from-healthy-to-super-healthy-the-changing-landscape-of-food-industry-in-india.html,Neutral,0.54095453
115,TheWeek,10-Jul-2024,Sachin Jose,Mirzapur Season 3 Ending Explained: Why did Kaleen Bhaiya kill [SPOILER] in the climax episode?,https://www.theweek.in/news/entertainment/2024/07/10/mirzapur-season-3-ending-explained-why-did-kaleen-bhaiya-kill-spoiler-in-the-climax-episode.html,Negative,0.66825527
116,TheWeek,11-Jul-2024,Web desk,NEET-UG row: SC to decide on retest on July 18,https://www.theweek.in/news/india/2024/07/11/neet-ug-row-sc-to-decide-on-retest-on-july-18.html,Neutral,0.978375375
117,TheWeek,11-Jul-2024,Suparna  Sharma,Kakuda review: A hehe-haha horror film with lovely performances,https://www.theweek.in/review/movies/2024/07/11/kakuda-review-a-hehe-haha-horror-film-with-lovely-performances.html,Positive,0.986978889
118,TheWeek,10-Jul-2024,Web Desk,Anant Ambani-Radhika Merchant wedding 'a circus': Anurag Kashyap’s daughter Aaliyah reveals why she refused to attend it,https://www.theweek.in/news/entertainment/2024/07/10/anant-ambani-radhika-merchant-wedding-a-circus-anurag-kashyaps-daughter-aaliyah-reveals-why-she-refused-to-attend-it.html,Negative,0.631595731
119,TheWeek,10-Jul-2024,PTI,Trump challenges Biden to another debate and golf match,https://www.theweek.in/news/world/2024/07/10/trump-challenges-biden-to-another-debate-and-golf-match.html,Neutral,0.945762396
120,TheWeek,11-Jul-2024,Web Desk,"'Not Yuddha, we gave the world Buddha': What PM Modi said in Austria | 10 quotes",https://www.theweek.in/news/world/2024/07/11/not-yuddha-we-gave-the-world-buddha-what-pm-modi-said-in-austria-10-quotes.html,Neutral,0.951618671
121,TheWeek,10-Jul-2024,PTI,NEWSALERT,https://www.theweek.in/wire-updates/national/2024/07/10/lgd3-newsalert-sc-wb-cbi-consent.html,Neutral,0.894585609
122,TheWeek,11-Jul-2024,Web Desk,8-year-old girl gang-raped and murdered by school seniors; body thrown into canal,https://www.theweek.in/news/india/2024/07/11/8-year-old-girl-gang-raped-and-murdered-by-school-seniors-body-thrown-into-canal.html,Negative,0.975910187
123,The Wire,10-Jul-2024,Aathira Perinchery,'Arrest of Anti-Dam Activists in Arunachal a Violation of Rights of Indigenous Communities',https://thewire.in/rights/arrest-of-anti-dam-activists-in-arunachal-a-violation-of-rights-of-indigenous-communities,Negative,0.923872828
124,The Wire,10-Jul-2024,The Wire Staff,These Are the 14 Herbal Products Which Patanjali Told the SC it Will Withdraw From Stores,https://thewire.in/law/patanjali-ayurved-tells-sc-it-has-stopped-sale-of-14-herbal-products-whose-linceses-were-suspended,Neutral,0.894438922
125,The Wire,10-Jul-2024,The Wire Staff,Prioritise Media Freedom and Safety of Journalists: International Press Institute to Modi Govt,https://thewire.in/media/prioritise-media-freedom-and-safety-of-journalists-international-press-institute-to-modi-govt,Neutral,0.844536006
126,The Wire,10-Jul-2024,Banjot Kaur,Covaxin: Bharat Biotech U-Turn Means It Will Share IP With ICMR But Patent Office Questions Patentability,https://thewire.in/health/covaxin-bharat-biotech-icmr-intellectual-property,Neutral,0.925753713
127,The Wire,10-Jul-2024,The Wire Staff,"Modi's Russia Visit: Raised 'Concerns Directly' with Indian Government, Says US",https://thewire.in/diplomacy/modis-russia-visit-raised-concerns-directly-with-indian-government-says-us,Neutral,0.766771138
128,The Wire,10-Jul-2024,Sanjay K. Jha,Modi Cannot be Modified – and It's Not a Good Thing,https://thewire.in/politics/narendra-modi-rahul-gandhi-rigid-unchanging,Negative,0.947046995
129,The Wire,10-Jul-2024,The Wire Staff,"'Victim of ED's Witch-Hunt, No Proof of AAP Receiving Kickbacks': Kejriwal To Delhi High Court",https://thewire.in/law/victim-of-eds-witch-hunt-no-proof-of-aap-receiving-kickbacks-kejriwal-to-delhi-high-court,Negative,0.689798415
130,The Wire,10-Jul-2024,The Wire Staff,Muslim Woman Can Ask For Maintenance From Husband Under Section 125 CrPC: SC,https://thewire.in/rights/muslim-woman-can-ask-for-maintenance-from-husband-under-section-125-crpc-sc,Neutral,0.976192296
131,The Wire,10-Jul-2024,Ritu Rao and Sanjay Kumar,Ebbing Public Trust in Election Process Can and Must Be Reversed,https://thewire.in/government/ebbing-public-trust-in-election-process-can-and-must-be-reversed,Neutral,0.814092457
132,The Wire,10-Jul-2024,N. Rahul,"Anukathir Surya: In a First, IRS Officer Gets Approval for Changing Name and Gender",https://thewire.in/rights/anukathir-surya-irs-officer-change-name-gender,Neutral,0.837807357
133,The Wire,10-Jul-2024,Omair Ahmad,Does the World Want America to Be Back?,https://thewire.in/world/does-the-world-want-america-to-be-back,Neutral,0.872550666
134,The Wire,10-Jul-2024,The Wire Staff,Salaries of IIT Graduates Take a Hit in 2024 Amid Hiring Slowdown,https://thewire.in/education/salaries-of-iit-graduates-take-the-hit-in-2024-amid-hiring-slowdown,Negative,0.958643377
135,The Wire,10-Jul-2024,The Wire Staff,SC Finds Bengal Govt's Suit Against CBI's Cases Maintainable,https://thewire.in/law/supreme-court-cbi-bengal-maintainable,Neutral,0.876722872
136,The Wire,10-Jul-2024,The Wire Staff,"UN Experts Sound Alarm on Gaza Famine, Accuse Israel of 'Genocidal Violence'",https://thewire.in/world/un-experts-sound-alarm-on-gaza-famine-accuse-israel-of-genocidal-violence,Negative,0.953985274
137,The Wire,10-Jul-2024,The Wire Staff,Judge Who Was Last in News for Sentencing 38 People to Death Made Gujarat's Prosecution Director,https://thewire.in/government/judge-who-made-headlines-for-sentencing-38-people-to-death-made-gujarats-prosecution-director,Neutral,0.732697308
138,The Wire,10-Jul-2024,Kinjal Sampat,What the Government's Drive to Formalise MSMEs Ignores,https://thewire.in/labour/formalise-msme-registration-udyam-gst,Neutral,0.882035673
139,The Wire,10-Jul-2024,The Wire Staff,"Modi's Russia Visit: Raised 'Concerns Directly' with Indian Government, Says US",https://thewire.in/diplomacy/modis-russia-visit-raised-concerns-directly-with-indian-government-says-us,Neutral,0.766771138
140,The Wire,10-Jul-2024,Sanjay K. Jha,Modi Cannot be Modified – and It's Not a Good Thing,https://thewire.in/politics/narendra-modi-rahul-gandhi-rigid-unchanging,Negative,0.947046995
141,The Wire,9-Jul-2024,P. Raman,Modi’s Embrace Leaves Allies Weak and Voiceless,https://thewire.in/politics/modi-allies-nda-parties-weak-voiceless,Negative,0.930949986
142,The Wire,10-Jul-2024,Devirupa Mitra,Raised Ukraine Conflict with Putin: Modi Responds to Outrage Over Putin Hug After Kyiv Hospital Attack,https://thewire.in/diplomacy/narendra-modi-vladimir-putin-ukraine-president-us,Neutral,0.721546054
143,The Wire,8-Jul-2024,Ajoy Ashirwad Mahaprashasta,The Inaugural Session of 18th Lok Sabha Gave Cornered Opposition a New Lease of Life,https://thewire.in/politics/lok-sabhas-inaugural-session-a-buoyant-opposition-subdued-bjp-and-plurality-of-voices,Positive,0.896963954
144,The Wire,10-Jul-2024,Soroor Ahmed,"Modi Government Completes First Month Amidst Reports of Leakage, Seepage and Collapse of Bridges",https://thewire.in/politics/modi-government-completes-first-month-amidst-reports-of-leakage-seepage-and-collapse-of-bridges,Neutral,0.838359118
145,The Wire,9-Jul-2024,Parth Pandya,"Marine Drive's Hordes May Feel Futile to Some, But it Is Belated Reward For a Juggernaut of a Team",https://thewire.in/sport/india-cricket-t20-world-cup-marine-drive-mumbai-crowd,Neutral,0.505918801
146,The Wire,9-Jul-2024,Nalin Verma,"Ahead of the Assembly Polls, Hemant Soren's JMM Has Scripted a Comeback",https://thewire.in/politics/ahead-of-the-assembly-polls-hemant-sorens-jmm-has-scripted-a-comeback,Neutral,0.822789073
147,The Wire,8-Jul-2024,Ajoy Ashirwad Mahaprashasta,The Inaugural Session of 18th Lok Sabha Gave Cornered Opposition a New Lease of Life,https://thewire.in/politics/lok-sabhas-inaugural-session-a-buoyant-opposition-subdued-bjp-and-plurality-of-voices,Positive,0.896963954
148,The Wire,9-Jul-2024,Nalin Verma,"Ahead of the Assembly Polls, Hemant Soren's JMM Has Scripted a Comeback",https://thewire.in/politics/ahead-of-the-assembly-polls-hemant-sorens-jmm-has-scripted-a-comeback,Neutral,0.822789073
149,The Wire,8-Jul-2024,Ajoy Ashirwad Mahaprashasta,The Inaugural Session of 18th Lok Sabha Gave Cornered Opposition a New Lease of Life,https://thewire.in/politics/lok-sabhas-inaugural-session-a-buoyant-opposition-subdued-bjp-and-plurality-of-voices,Positive,0.896963954
150,The Wire,10-Jul-2024,Sanjaya Baru,Why Media Organisations Need to Appoint More Foreign Correspondents,https://thewire.in/books/why-media-organisations-need-to-appoint-more-foreign-correspondents,Neutral,0.968153119
151,The Wire,9-Jul-2024,Varsha Tiwary,Complicity: On Revelations by Alice Munro's Daughter,https://thewire.in/books/alice-munros-daughter-step-father-abuse-complicity,Neutral,0.969354331
152,The Wire,8-Jul-2024,Amrita Shodhan,Beyond the Film Maharaj: Uncovering the Legacy of Karsandas Mulji and the Libel Case,https://thewire.in/culture/beyond-the-film-maharaj-uncovering-the-legacy-of-karsandas-mulji-and-the-libel-case,Neutral,0.95296824
153,The Wire,8-Jul-2024,The Wire Staff,"PM Modi Arrives in Moscow, to Hold Talks with Putin to Boost India-Russia Bilateral Ties",https://thewire.in/diplomacy/pm-modi-arrives-in-moscow-to-hold-talks-with-putin-to-boost-india-russia-bilateral-ties,Neutral,0.615067124
154,The Wire,8-Jul-2024,Inderjeet Parmar,UK: Victorious Labour Offers Business as Usual on Big Picture Issues When What People Want is Change,https://thewire.in/world/labour-business-as-usual-people-want-change,Positive,0.910574555
155,The Wire,10-Jul-2024,No Author,"'Can't Send Back Refugees Fleeing Bangladesh Army,' Mizoram CM Lalduhoma Tells PM Modi",https://thewire.in/politics/lalduhoma-mizoram-chief-minister-modi-refugees,Neutral,0.527161717
156,The Wire,10-Jul-2024,Ram Puniyani,Rahul Gandhi's Humane Hinduism Totally Differs from Violent and Hateful Hindutva of BJP-RSS,https://thewire.in/politics/rahul-gandhis-humane-hinduism-totally-differs-from-violent-and-hateful-hindutva-of-bjp-rss,Neutral,0.739084661
157,The Wire,10-Jul-2024,Soroor Ahmed,"Modi Government Completes First Month Amidst Reports of Leakage, Seepage and Collapse of Bridges",https://thewire.in/politics/modi-government-completes-first-month-amidst-reports-of-leakage-seepage-and-collapse-of-bridges,Neutral,0.838359118
158,The Wire,9-Jul-2024,S.N. Sahu,"From Gandhi’s Satyagrahis to Rahul's ‘Abhay Mudra’, a Lesson on Fearlessness",https://thewire.in/society/gandhi-satyagraha-rahul-abhay-mudra-fearless,Neutral,0.919975102
159,The Wire,9-Jul-2024,Parth Pandya,"Marine Drive's Hordes May Feel Futile to Some, But it Is Belated Reward For a Juggernaut of a Team",https://thewire.in/sport/india-cricket-t20-world-cup-marine-drive-mumbai-crowd,Neutral,0.505918801
160,The Wire,9-Jul-2024,P. Raman,Modi’s Embrace Leaves Allies Weak and Voiceless,https://thewire.in/politics/modi-allies-nda-parties-weak-voiceless,Negative,0.930949986
161,The Wire,10-Jul-2024,Banjot Kaur,Covaxin: Bharat Biotech U-Turn Means It Will Share IP With ICMR But Patent Office Questions Patentability,https://thewire.in/health/covaxin-bharat-biotech-icmr-intellectual-property,Neutral,0.925753713
162,The Wire,10-Jul-2024,Aathira Perinchery,'Arrest of Anti-Dam Activists in Arunachal a Violation of Rights of Indigenous Communities',https://thewire.in/rights/arrest-of-anti-dam-activists-in-arunachal-a-violation-of-rights-of-indigenous-communities,Negative,0.923872828
163,The Wire,10-Jul-2024,No Author,"'Deeply Hurt' with BJP Over Not Finding Place in Union Cabinet, Says Karnataka Dalit MP",https://thewire.in/politics/deeply-hurt-with-bjp-over-not-finding-place-in-union-cabinet-says-dalit-mp-ramesh-jigajinagi,Negative,0.931887805
164,The Wire,10-Jul-2024,The Wire Staff,"Delhi Excise Policy Case: Court Takes Cognisance of ED Chargesheet Making Kejriwal, AAP accused",https://thewire.in/law/delhi-excise-policy-case-court-takes-cognisance-of-ed-chargesheet-making-kejriwal-aap-accused,Neutral,0.907279491
165,The Wire,10-Jul-2024,The Wire Staff,"18 Dead, 19 Injured as Sleeper Bus Collides With Milk Tanker In Uttar Pradesh",https://thewire.in/government/18-dead-19-injured-as-sleeper-bus-collides-with-milk-tanker-in-uttar-pradesh,Negative,0.943219125
166,The Wire,10-Jul-2024,Devirupa Mitra,Raised Ukraine Conflict with Putin: Modi Responds to Outrage Over Putin Hug After Kyiv Hospital Attack,https://thewire.in/diplomacy/narendra-modi-vladimir-putin-ukraine-president-us,Neutral,0.721546054
167,The Wire,10-Jul-2024,The Wire Staff,"Gaza Death Toll Could Be Five Times Higher Than Health Ministry Estimates, Lancet Article Says",https://thewire.in/world/gaza-death-toll-up-to-186000-lancet-correspondence,Negative,0.756803453
