Portal,Published Date,Headline,Author,URL Link,Sentiment Label,Sentiment Score,Result after checked,Need to amend in Excle
The NewsMinute,7/8/2024,Ground Report: How BJP made Ezhava voters sway right in Left bastion of Alappuzha,Haritha John,https://www.thenewsminute.com/kerala/ground-report-how-bjp-made-ezhava-voters-sway-right-in-left-bastion-of-alappuzha,Neutral,1,correct,
The NewsMinute,7/8/2024,"In Kerala, an amoebic infection killed three children in two months",Cris,https://www.thenewsminute.com/kerala/in-kerala-an-amoebic-infection-killed-three-children-in-two-months,Negative,0.31,correct,
The NewsMinute,7/8/2024,"Bengaluru NGO sets up shelter to provide support to transmasculine, intersex persons",Krishnapriya P,https://www.thenewsminute.com/karnataka/bengaluru-ngo-sets-up-shelter-to-provide-support-to-transmasculine-intersex-persons,Positive,0.197,correct,
The NewsMinute,7/8/2024,"Kerala Cricket Assn sat on sexual assault, bullying complaints against coach since 2018",Haritha Manav,https://www.thenewsminute.com/kerala/kerala-cricket-assn-sat-on-sexual-assault-bullying-complaints-against-coach-since-2018,Negative,0.51,One Author Missing ,One more Author needs to be updated in excel as per web page which is  Korah Abraham
The NewsMinute,7/5/2024,Madras HC says Rs 10 Lakh compensation to kin of Kallakurichi victims is too high,TNM Staff,https://www.thenewsminute.com/tamil-nadu/madras-hc-says-rs-10-lakh-compensation-to-kin-of-kallakurichi-victims-is-too-high,Negative,0.141,correct,
The NewsMinute,7/4/2024,"Kallakurichi tragedy: No, prohibition will not end illicit liquor deaths",Bharathy Singaravel,https://www.thenewsminute.com/long-form/kallakurichi-tragedy-no-prohibition-will-not-end-illicit-liquor-deaths,Negative,0.452,correct,
The NewsMinute,7/4/2024,Kallakurichi tragedy: CB-CID seizes 2000 litres of Methanol from petrol pump,TNM Staff,https://www.thenewsminute.com/tamil-nadu/kallakurichi-tragedy-cb-cid-seizes-2000-litres-of-methanol-from-petrol-pump,Negative,0.306,correct,
The NewsMinute,7/1/2024,Kallukurichi tragedy: Madras HC takes up suo motu case on illicit liquor business,Azeefa Fathima,https://www.thenewsminute.com/tamil-nadu/kallukurichi-tragedy-madras-hc-takes-up-suo-motu-case-on-illicit-liquor-business,Negative,0.268,correct,
The NewsMinute,6/28/2024,"TN earns Rs 44,121 cr from TASMAC, spends only Rs 5 cr on rehab of bootleggers",Nidharshana Raju,https://www.thenewsminute.com/tamil-nadu/tn-earns-rs-44121-cr-from-tasmac-spends-only-rs-5-cr-on-rehab-of-bootleggers,Neutral,1,correct,
The NewsMinute,7/8/2024,Ullozhukku reignites debate on representation of women in Malayalam cinema,Aaliya Farzeen Ashraf,https://www.thenewsminute.com/flix/ullozhukku-reignites-debate-on-representation-of-women-in-malayalam-cinema,Neutral,1,correct,
The NewsMinute,7/7/2024,"WCC welcomes SIC order to issue Hema Committee report, says it gives hope",TNM Staff,https://www.thenewsminute.com/kerala/wcc-welcomes-sic-order-to-issue-hema-committee-report-says-it-gives-hope,Positive,0.337,correct,
The NewsMinute,7/5/2024,Kill review: Lakshya’s train thriller is packed with fantastic action sequences,Balakrishna Ganeshan,https://www.thenewsminute.com/flix/kill-review-lakshyas-train-thriller-is-packed-with-fantastic-action-sequences,Negative,0.266,correct,
The NewsMinute,7/5/2024,"Bisi-Bisi Ice-Cream review: A funny, charming entertainer elevated by its central cast",Swaroop Kodur,https://www.thenewsminute.com/flix/bisi-bisi-ice-cream-review-a-funny-charming-entertainer-elevated-by-its-central-cast,Positive,0.538,correct,
ThePrint,7/10/2024,"SOP for entry, medics on standby — how team plans to inventory Jagannath temple’s Ratna Bhandar",Sreyashi Dey,https://theprint.in/india/sop-for-entry-medics-on-standby-how-team-plans-to-inventory-jagannath-temples-ratna-bhandar/2168463/,Neutral,1,correct,
ThePrint,7/10/2024,"‘Unhappy’ father who killed & buried his newborn female twins, arrested. Wished for a male child",Bismee Taskin,https://theprint.in/india/unhappy-father-who-killed-buried-his-newborn-female-twins-arrested-wished-for-a-male-child/2168348/,Negative,0.388,correct,
ThePrint,7/10/2024,"Modi ‘bear-hugs’ Putin, Russia ‘strategic spoiler’ for the West & ‘warning signs’ for India’s economy",Shivani Mago,https://theprint.in/global-pulse/modi-bear-hugs-putin-russia-strategic-spoiler-for-the-west-warning-signs-for-indias-economy/2168410/,Neutral,1,correct,
ThePrint,7/10/2024,"Myanmar deputy PM leads delegation to India for BIMSTEC meet, ‘will strengthen regional cooperation’",Keshav Padmanabhan,https://theprint.in/diplomacy/myanmar-deputy-pm-leads-delegation-to-india-for-bimstec-meet-will-strengthen-regional-cooperation/2168296/,Positive,0.15,correct,
ThePrint,7/10/2024,"After 16 years, SC comes to rescue of visually impaired CSE 2008 candidates, directs appointment",Apoorva Mandhani,https://theprint.in/judiciary/after-16-years-sc-comes-to-rescue-of-visually-impaired-cse-2008-candidates-directs-appointment/2168240/,Positive,0.191,correct,
ThePrint,7/10/2024,"RSS worker, Khattar loyalist & 1st time MLA — who is new Haryana BJP president Mohan Lal Badoli",Sushil Manav,https://theprint.in/politics/rss-worker-khattar-loyalist-1st-time-mla-who-is-new-haryana-bjp-president-mohan-lal-badoli/2167976/,Positive,0.143,correct,
ThePrint,7/10/2024,Massive search underway after terrorists kill 5 soldiers in Jammu’s Kathua,ANI,https://theprint.in/india/massive-search-underway-after-terrorists-kill-5-soldiers-in-jammus-kathua/2167972/,Negative,0.524,correct,
ThePrint,7/10/2024,Assembly bypolls: Voting underway in 13 seats across 7 states,ANI,https://theprint.in/politics/assembly-bypolls-voting-underway-in-13-seats-across-7-states/2167966/,Neutral,1,correct,
ThePrint,7/10/2024,"18 killed, 19 injured after bus rams into milk tanker in UP’s Unnao",PTI,https://theprint.in/india/18-killed-19-injured-as-bus-hits-milk-tanker-in-ups-unnao/2167901/,Negative,0.396,correct,
ThePrint,7/9/2024,"Modi tells Putin that ‘heart bleeds’ when children are killed, day after lethal strike on children’s hospital in Kyiv",Vladimir Soldatkin,https://theprint.in/diplomacy/indias-modi-tells-putin-that-heart-bleeds-when-children-are-killed/2167168/,Negative,0.261,correct,
ThePrint,7/10/2024,‘Just want to convert Nicobar into Singapore’ — why the island project is a ‘monumental folly’,Akanksha Mishra,https://theprint.in/feature/around-town/just-want-to-convert-nicobar-into-singapore-why-the-island-project-is-a-monumental-folly/2168192/,Positive,0.091,correct,
ThePrint,7/10/2024,"Denied cabinet berth in new NDA govt, Dalit Karnataka BJP MP calls out own party as being ‘anti-Dalit’",Sharan Poovanna,https://theprint.in/politics/denied-cabinet-berth-in-new-nda-govt-dalit-karnataka-bjp-mp-calls-out-own-party-as-being-anti-dalit/2167928/,Negative,0.134,correct,
ThePrint,7/10/2024,"In AIADMK’s boycott of today’s Vikravandi bypoll, a message to former ally PMK",Prabhakar Tamilarasu,https://theprint.in/politics/in-aiadmks-boycott-of-todays-vikravandi-bypoll-a-message-to-former-ally-pmk/2167343/,Negative,0.173,correct,
ThePrint,7/9/2024,"Embroiled in row over ‘beef passes’, Union MoS suggests BSF ‘giving political shelter to TMC’",Sreyashi Dey,https://theprint.in/politics/embroiled-in-row-over-beef-passes-union-mos-suggests-bsf-giving-political-shelter-to-tmc/2167199/,Neutral,1,correct,
ThePrint,7/9/2024,"Kirti Chakra awardee’s mother meets Rahul Gandhi, hopes he ‘does something’ about Agnipath scheme",Shikha Salaria,https://theprint.in/politics/kirti-chakra-awardees-mother-meets-rahul-gandhi-hopes-he-does-something-about-agnipath-scheme/2167381/,Positive,0.177,correct,
ThePrint,7/9/2024,"BJP’s reports pinpoint Agnipath as factor in LS setbacks across states, cadres want review of scheme",Shanker Arnimesh,https://theprint.in/politics/bjps-reports-pinpoint-agnipath-as-factor-in-ls-setbacks-across-states-cadres-want-review-of-scheme/2167109/,Positive,0.08,correct,
ThePrint,7/8/2024,"Wiped out in Jharkhand tribal seats, BJP rakes up ‘demographic change’ due to ‘Bangladeshi infiltrators’",Niraj Sinha,https://theprint.in/politics/wiped-out-in-jharkhand-tribal-seats-bjp-rakes-up-demographic-change-due-to-bangladeshi-infiltrators/2164775/,Neutral,1,correct,
ThePrint,7/9/2024,Modi govt walking tightest of tightrope with first visit to Russia; hell of a contradiction here,ThePrint Team,https://theprint.in/50-word-edit/modi-govt-walking-tightest-of-tightrope-with-first-visit-to-russia-hell-of-a-contradiction-here/2166779/,Negative,0.337,correct,
ThePrint,7/9/2024,‘Solution can’t be found on battlefield’ — Modi’s clear message to Putin on Ukraine war,Pia Krishnankutty,https://theprint.in/diplomacy/solution-cant-be-found-on-battlefield-modis-clear-message-to-putin-on-ukraine-war/2166404/,Negative,0.211,correct,
ThePrint,7/9/2024,"Parkinson’s specialist treated other patients, examined Biden only for annual physical — White House",Keshav Padmanabhan,https://theprint.in/world/parkinsons-specialist-treated-other-patients-examined-biden-only-for-annual-physical-white-house/2167248/,Neutral,1,correct,
ThePrint,7/10/2024,Chinese are angry that West isn’t outraged enough by Modi meeting Putin,Sana Hashmi,https://theprint.in/opinion/chinese-are-angry-that-west-isnt-outraged-enough-by-modi-meeting-putin/2167665/,Negative,0.405,correct,
ThePrint,7/9/2024,How many times has IAF changed its roundel? New book on Indian armed forces has it all,Smruti Deshpande,https://theprint.in/defence/how-many-times-has-iaf-changed-its-roundel-new-book-on-indian-armed-forces-has-it-all/2166429/,Neutral,1,correct,
ThePrint,7/10/2024,"Kamal Haasan’s birth was as dramatic as his films. ‘He was huge, pink & a bit scary’",K Hariharan,https://theprint.in/pageturner/excerpt/kamal-haasans-birth-was-as-dramatic-as-his-films-he-was-huge-pink-a-bit-scary/2167965/,Positive,0.141,correct,
ThePrint,7/10/2024,"Thanjavur PhD scholar gets life for ‘sexually abusing minors, using them to make pornographic content’",Mayank Kumar,https://theprint.in/india/thanjavur-phd-scholar-gets-life-for-sexually-abusing-minors-using-them-to-make-pornographic-content/2168092/,Negative,0.176,correct,
ThePrint,7/10/2024,"SIT pins Hathras stampede blame on satsang organisers & local admin, UP govt suspends 6 officials",Shikha Salaria,https://theprint.in/india/sit-pins-hathras-stampede-blame-on-satsang-organisers-local-admin-up-govt-suspends-6-officials/2166992/,Negative,0.302,correct,
ThePrint,7/10/2024,"In Pune, IAS trainee’s ‘misconduct’ & ‘VIP’ demands result in transfer, flak from civil servants",Purva Chitnis,https://theprint.in/india/in-pune-ias-trainees-misconduct-vip-demands-result-in-transfer-flak-from-civil-servants/2167571/,Neutral,1,correct,
ThePrint,7/9/2024,"Karnataka BJP MLA says Rahul should be slapped in Parliament, Congress dares him to touch LoP",Sharan Poovanna,https://theprint.in/india/karnataka-bjp-mla-says-rahul-should-be-slapped-in-parliament-congress-dares-him-to-touch-lop/2167164/,Neutral,1,correct,
ThePrint,7/9/2024,"Union govt reopens PLI Scheme for white goods, extends application window for 90 days",ThePrint Team,https://theprint.in/india/union-govt-reopens-pli-scheme-for-white-goods-extends-application-window-for-90-days/2167110/,Positive,0.103,correct,
ThePrint,7/10/2024,"54 lakh informal jobs lost, stagnant worker output — how DeMo, GST & COVID hit India’s manufacturing",TCA Sharad Raghavan,https://theprint.in/economy/54-lakh-informal-jobs-lost-stagnant-worker-output-how-demo-gst-covid-hit-indias-manufacturing/2168103/,Negative,0.141,correct,
ThePrint,7/9/2024,Bengaluru bike taxi riders fear more attacks on fraternity as govt flip-flop leaves them stranded,Sharan Poovanna,https://theprint.in/economy/bengaluru-bike-taxi-riders-fear-more-attacks-on-fraternity-as-govt-flip-flop-leaves-them-stranded/2167035/,Negative,0.33,correct,
ThePrint,7/8/2024,"Jobs, rural India likely to be focus of new Modi government’s first budget, says Goldman Sachs",Ira Dugal,https://theprint.in/india/jobs-rural-india-likely-to-be-focus-of-new-modi-governments-first-budget-says-goldman-sachs/2164977/,Neutral,1,correct,
ThePrint,7/8/2024,Govt grants patent to Bengaluru firm for first-of-its-kind system to manage Aadhaar data,Soumya Pillai,https://theprint.in/tech/govt-grants-patent-to-bengaluru-firm-for-first-of-its-kind-system-to-manage-aadhaar-data/2165732/,Positive,0.137,correct,
ThePrint,7/8/2024,"Only 41% projects under housing ministry’s now-lapsed satellite town scheme complete, CAG tells Centre",Risha Chitlangia,https://theprint.in/india/governance/only-41-projects-under-housing-ministrys-now-lapsed-satellite-town-scheme-complete-cag-tells-centre/2165260/,Neutral,1,correct,
ThePrint,7/8/2024,"In Bihar, a ‘suspense’ bridge — will it collapse or not?",ThePrint Team,https://theprint.in/last-laughs/in-bihar-a-suspense-bridge-will-it-collapse-or-not/2165423/,Negative,0.286,correct,
ThePrint,7/10/2024,Bigg Boss going soft on Armaan Malik’s slap is a new low. Salman wouldn’t have let it slide,Almina Khatoon,https://theprint.in/opinion/pov/bigg-boss-going-soft-on-armaan-maliks-slap-is-a-new-low-salman-wouldnt-have-let-it-slide/2167301/,Negative,0.112,correct,
ThePrint,7/10/2024,Alec Baldwin ‘Rust’ jurors to hear opening statements,Reuters,https://theprint.in/entertainment/alec-baldwin-rust-jurors-to-hear-opening-statements/2168444/,Neutral,1,correct,
ThePrint,7/10/2024,Manchester United reports wider loss in third quarter,Reuters,https://theprint.in/sport/manchester-united-reports-wider-loss-in-third-quarter/2168590/,Positive,0.252,correct,
ThePrint,7/9/2024,Meta and Vodafone optimise video to boost network efficiency,Reuters,https://theprint.in/tech/meta-and-vodafone-optimise-video-to-boost-network-efficiency/2166523/,Positive,0.574,correct,
TheWeek,7/11/2024,Can we expect Panchayat's Sachiv ji to join Mirzapur universe in Season 4?,Web Desk,https://www.theweek.in/news/entertainment/2024/07/11/can-we-expect-panchayat-sachiv-ji-in-mirzapur-season-4.html,Positive,0.155,correct,
TheWeek,7/10/2024,Bihar  9.27 voter turnout till 9 am in Rupauli assembly bypoll,PTI,https://www.theweek.in/wire-updates/national/2024/07/10/cal4-bh-bypoll-turnout.html,Neutral,1,correct,
TheWeek,7/11/2024,Kerala's Vizhinjam port receives its first mothership; 'San Fernando' gets a water salute,Web Desk,https://www.theweek.in/news/biz-tech/2024/07/11/keralas-vizhinjam-port-receives-its-first-mothership-san-fernando-gets-a-water-salute.html,Neutral,1,correct,
TheWeek,7/11/2024,"State divided into two parts, no improvement in Manipur situation: Rahul Gandhi",Web desk,https://www.theweek.in/news/india/2024/07/11/state-divided-into-two-parts-no-improvement-in-manipur-situation-rahul-gandhi.html,Positive,0.197,correct,
TheWeek,7/10/2024,India take series lead over Zimbabwe with all-round show in third T20,PTI,https://www.theweek.in/news/sports/2024/07/10/india-take-series-lead-over-zimbabwe-with-all-round-show-in-thir.html,Neutral,1,correct,
TheWeek,7/10/2024,World Population Day: These are the top 5 least populated countries,Web Desk,https://www.theweek.in/leisure/society/2024/07/10/world-population-day-these-are-the-top-5-least-populated-countries.html,Positive,0.167,correct,
TheWeek,7/11/2024,Energy Opportunities - A Big Investment Theme,The Week Focus,https://www.theweek.in/konnect/economy/2024/07/11/energy-opportunities-a-big-investment-theme.html,Positive,0.61,correct,
TheWeek,7/10/2024,Wild Wild Punjab: A 120-minute long parade of blundering incompetents,Suparna  Sharma,https://www.theweek.in/review/movies/2024/07/10/wild-wild-punjab-a-120-minute-long-parade-of-blundering-incompetents.html,Neutral,1,correct,
TheWeek,7/11/2024,"Markets rebound in early trade on global market rally, foreign fund inflows",PTI,https://www.theweek.in/news/biz-tech/2024/07/11/markets-rebound-in-early-trade-on-global-market-rally-foreign-fund-inflows.html,Neutral,1,correct,
TheWeek,7/11/2024,Trump's vice president choice down to three,Ajish P Joy,https://www.theweek.in/voices/columns/ajish-p-joy/2024/07/11/trumps-vice-president-choice-down-to-three.html,Neutral,1,correct,
TheWeek,7/11/2024,CBI likely to file chargesheet against youth who circulated 'doctored' screenshot of UGC-NET paper,PTI,https://www.theweek.in/news/india/2024/07/11/cbi-likely-to-file-chargesheet-against-youth-who-circulated-doctored-screenshot-of-ugc-net-paper.html,Neutral,1,correct,
TheWeek,7/11/2024,India’s electric vehicle revolution is seeing its thunder stolen by an unlikely suspect,K. Sunil Thomas,https://www.theweek.in/news/biz-tech/2024/07/11/indias-electric-vehicle-revolution-is-seeing-its-thunder-stolen-by-an-unlikely-suspect.html,Negative,0.329,correct,
TheWeek,7/10/2024,NEWSALERT,PTI,https://www.theweek.in/wire-updates/national/2024/07/10/lgd5-newsalert--sc-west-bengal-cbi-consent-3.html,Neutral,1,correct,
TheWeek,7/11/2024,"India likely to skip Pakistan for Champions Trophy, suggests Dubai, Sri Lanka as alternate venues",Web desk,https://www.theweek.in/news/sports/2024/07/11/india-likely-to-skip-pakistan-for-champions-trophy-suggests-dubai-sri-lanka-as-alternate-venues.html,Positive,0.195,correct,
TheWeek,7/11/2024,"Fake Telegram video, bell-curve, increase in marks: What NTA, Centre told SC in affidavit",Web Desk,https://www.theweek.in/news/india/2024/07/11/fake-telegram-video-bell-curve-increase-in-marks-what-nta-centre-told-sc-in-affidavit.html,Negative,0.178,correct,
TheWeek,7/11/2024,Manjummel Boys' frenzy: Here's why re-release of Kamal Haasan's  'Gunaa' was stopped by Madras HC,Web Desk,https://www.theweek.in/news/entertainment/2024/07/11/kollywood-manjummel-boys-frenzy-here-s-why-re-release-of-kamal-haasan-s-gunaa-was-stopped-by-madras-hc.html,Negative,0.244,correct,
TheWeek,7/10/2024,Did Lionel Messi actually pose with baby Lamine Yamal? Here's the truth about the viral photo,Web Desk,https://www.theweek.in/news/sports/2024/07/10/did-lionel-messi-actually-pose-with-baby-lamine-yamal-heres-the-truth-about-the-viral-photo.html,Positive,0.133,correct,
TheWeek,7/10/2024,NEWSALERT,PTI,https://www.theweek.in/wire-updates/national/2024/07/10/lgd4-newsalert-sc-wb-cbi-consent-2.html,Neutral,1,correct,
TheWeek,7/10/2024,How cell and gene therapies revolutionising cancer care in India,Dr Gaurav Kharya,https://www.theweek.in/news/health/2024/07/10/how-cell-and-gene-therapies-revolutionising-cancer-care-in-india.html,Negative,0.282,correct,
TheWeek,7/11/2024,India’s first GenAI conclave kicks off in Kochi,Mathew T George,https://www.theweek.in/news/india/2024/07/11/indias-first-genai-conclave-kicks-off-in-kochi.html,Neutral,1,correct,
TheWeek,7/11/2024,Explained: SC judgement on maintenance for divorced Muslim women,Soni Mishra,https://www.theweek.in/news/india/2024/07/11/explained-sc-judgment-on-maintenance-for-divorced-muslim-women.html,Neutral,1,correct,
TheWeek,7/10/2024,Over 4 600 pilgrims leave Jammu base camp to join Amarnath Yatra,PTI,https://www.theweek.in/wire-updates/national/2024/07/10/des6-jk-amarnath-batch.html,Positive,0.177,correct,
TheWeek,7/11/2024,Disha Salian death case: Mumbai police summons BJP MLA Nitesh Rane,PTI,https://www.theweek.in/news/india/2024/07/11/disha-salian-death-case-mumbai-police-summons-bjp-mla-nitesh-rane.html,Negative,0.281,correct,
TheWeek,7/11/2024,From healthy to super-healthy: The changing landscape of food industry in India,Paul Mathews And Koshy Mathew,https://www.theweek.in/news/health/2024/07/11/from-healthy-to-super-healthy-the-changing-landscape-of-food-industry-in-india.html,Positive,0.197,Correct,
TheWeek,7/10/2024,Mirzapur Season 3 Ending Explained: Why did Kaleen Bhaiya kill [SPOILER] in the climax episode?,Sachin Jose,https://www.theweek.in/news/entertainment/2024/07/10/mirzapur-season-3-ending-explained-why-did-kaleen-bhaiya-kill-spoiler-in-the-climax-episode.html,Negative,0.266,Correct,
TheWeek,7/11/2024,NEET-UG row: SC to decide on retest on July 18,Web desk,https://www.theweek.in/news/india/2024/07/11/neet-ug-row-sc-to-decide-on-retest-on-july-18.html,Neutral,1,Correct,
TheWeek,7/11/2024,Kakuda review: A hehe-haha horror film with lovely performances,Suparna  Sharma,https://www.theweek.in/review/movies/2024/07/11/kakuda-review-a-hehe-haha-horror-film-with-lovely-performances.html,Neutral,0.444,Correct,
TheWeek,7/10/2024,Anant Ambani-Radhika Merchant wedding 'a circus': Anurag Kashyap’s daughter Aaliyah reveals why she refused to attend it,Web Desk,https://www.theweek.in/news/entertainment/2024/07/10/anant-ambani-radhika-merchant-wedding-a-circus-anurag-kashyaps-daughter-aaliyah-reveals-why-she-refused-to-attend-it.html,Negative,0.121,Correct,
TheWeek,7/10/2024,Trump challenges Biden to another debate and golf match,PTI,https://www.theweek.in/news/world/2024/07/10/trump-challenges-biden-to-another-debate-and-golf-match.html,Positive,0.14,Correct,
TheWeek,7/11/2024,"Not Yuddha, we gave the world Buddha': What PM Modi said in Austria | 10 quotes",Web Desk,https://www.theweek.in/news/world/2024/07/11/not-yuddha-we-gave-the-world-buddha-what-pm-modi-said-in-austria-10-quotes.html,Neutral,1,Correct,
TheWeek,7/10/2024,NEWSALERT,PTI,https://www.theweek.in/wire-updates/national/2024/07/10/lgd3-newsalert-sc-wb-cbi-consent.html,Neutral,1,Correct,
TheWeek,7/11/2024,8-year-old girl gang-raped and murdered by school seniors; body thrown into canal,Web Desk,https://www.theweek.in/news/india/2024/07/11/8-year-old-girl-gang-raped-and-murdered-by-school-seniors-body-thrown-into-canal.html,Negative,0.286,Correct,
The Wire,7/10/2024,Arrest of Anti-Dam Activists in Arunachal a Violation of Rights of Indigenous Communities',Aathira Perinchery,https://thewire.in/rights/arrest-of-anti-dam-activists-in-arunachal-a-violation-of-rights-of-indigenous-communities,Negative,0.359,Correct,
The Wire,7/10/2024,These Are the 14 Herbal Products Which Patanjali Told the SC it Will Withdraw From Stores,The Wire Staff,https://thewire.in/law/patanjali-ayurved-tells-sc-it-has-stopped-sale-of-14-herbal-products-whose-linceses-were-suspended,Neutral,1,Correct,
The Wire,7/10/2024,Prioritise Media Freedom and Safety of Journalists: International Press Institute to Modi Govt,The Wire Staff,https://thewire.in/media/prioritise-media-freedom-and-safety-of-journalists-international-press-institute-to-modi-govt,Positive,0.389,Correct,
The Wire,7/10/2024,Covaxin: Bharat Biotech U-Turn Means It Will Share IP With ICMR But Patent Office Questions Patentability,Banjot Kaur,https://thewire.in/health/covaxin-bharat-biotech-icmr-intellectual-property,Positive,0.096,Correct,
The Wire,7/10/2024,"Modi's Russia Visit: Raised 'Concerns Directly' with Indian Government, Says US",The Wire Staff,https://thewire.in/diplomacy/modis-russia-visit-raised-concerns-directly-with-indian-government-says-us,Neutral,1,Correct,
The Wire,7/10/2024,Modi Cannot be Modified – and It's Not a Good Thing,Sanjay K. Jha,https://thewire.in/politics/narendra-modi-rahul-gandhi-rigid-unchanging,Negative,0.231,Correct,
The Wire,7/10/2024,"Victim of ED's Witch-Hunt, No Proof of AAP Receiving Kickbacks': Kejriwal To Delhi High Court",The Wire Staff,https://thewire.in/law/victim-of-eds-witch-hunt-no-proof-of-aap-receiving-kickbacks-kejriwal-to-delhi-high-court,Negative,0.249,Correct,
The Wire,7/10/2024,Muslim Woman Can Ask For Maintenance From Husband Under Section 125 CrPC: SC,The Wire Staff,https://thewire.in/rights/muslim-woman-can-ask-for-maintenance-from-husband-under-section-125-crpc-sc,Neutral,1,Correct,
The Wire,7/10/2024,Ebbing Public Trust in Election Process Can and Must Be Reversed,Ritu Rao and Sanjay Kumar,https://thewire.in/government/ebbing-public-trust-in-election-process-can-and-must-be-reversed,Positive,0.248,Correct,
The Wire,7/10/2024,"Anukathir Surya: In a First, IRS Officer Gets Approval for Changing Name and Gender",N. Rahul,https://thewire.in/rights/anukathir-surya-irs-officer-change-name-gender,Positive,0.205,Correct,
The Wire,7/10/2024,Does the World Want America to Be Back?,Omair Ahmad,https://thewire.in/world/does-the-world-want-america-to-be-back,Positive,0.157,Correct,
The Wire,7/10/2024,Salaries of IIT Graduates Take a Hit in 2024 Amid Hiring Slowdown,The Wire Staff,https://thewire.in/education/salaries-of-iit-graduates-take-the-hit-in-2024-amid-hiring-slowdown,Neutral,1,Correct,
The Wire,7/10/2024,SC Finds Bengal Govt's Suit Against CBI's Cases Maintainable,The Wire Staff,https://thewire.in/law/supreme-court-cbi-bengal-maintainable,Neutral,1,Correct,
The Wire,7/10/2024,"UN Experts Sound Alarm on Gaza Famine, Accuse Israel of 'Genocidal Violence'",The Wire Staff,https://thewire.in/world/un-experts-sound-alarm-on-gaza-famine-accuse-israel-of-genocidal-violence,Negative,0.48,Correct,
The Wire,7/10/2024,Judge Who Was Last in News for Sentencing 38 People to Death Made Gujarat's Prosecution Director,The Wire Staff,https://thewire.in/government/judge-who-made-headlines-for-sentencing-38-people-to-death-made-gujarats-prosecution-director,Negative,0.401,Correct,
The Wire,7/10/2024,What the Government's Drive to Formalise MSMEs Ignores,Kinjal Sampat,https://thewire.in/labour/formalise-msme-registration-udyam-gst,Negative,0.231,Correct,
The Wire,7/9/2024,Modi’s Embrace Leaves Allies Weak and Voiceless,P. Raman,https://thewire.in/politics/modi-allies-nda-parties-weak-voiceless,Negative,0.284,Correct,
The Wire,7/10/2024,Raised Ukraine Conflict with Putin: Modi Responds to Outrage Over Putin Hug After Kyiv Hospital Attack,Devirupa Mitra,https://thewire.in/diplomacy/narendra-modi-vladimir-putin-ukraine-president-us,Negative,0.366,Correct,
The Wire,7/8/2024,The Inaugural Session of 18th Lok Sabha Gave Cornered Opposition a New Lease of Life,Ajoy Ashirwad Mahaprashasta,https://thewire.in/politics/lok-sabhas-inaugural-session-a-buoyant-opposition-subdued-bjp-and-plurality-of-voices,Negative,0.139,Correct,
The Wire,7/10/2024,"Modi Government Completes First Month Amidst Reports of Leakage, Seepage and Collapse of Bridges",Soroor Ahmed,https://thewire.in/politics/modi-government-completes-first-month-amidst-reports-of-leakage-seepage-and-collapse-of-bridges,Negative,0.198,Correct,
The Wire,7/9/2024,"Marine Drive's Hordes May Feel Futile to Some, But it Is Belated Reward For a Juggernaut of a Team",Parth Pandya,https://thewire.in/sport/india-cricket-t20-world-cup-marine-drive-mumbai-crowd,Positive,0.23,Correct,
The Wire,7/9/2024,"Ahead of the Assembly Polls, Hemant Soren's JMM Has Scripted a Comeback",Nalin Verma,https://thewire.in/politics/ahead-of-the-assembly-polls-hemant-sorens-jmm-has-scripted-a-comeback,Neutral,1,Correct,
The Wire,7/10/2024,Why Media Organisations Need to Appoint More Foreign Correspondents,Sanjaya Baru,https://thewire.in/books/why-media-organisations-need-to-appoint-more-foreign-correspondents,Neutral,1,Correct,
The Wire,7/9/2024,Complicity: On Revelations by Alice Munro's Daughter,Varsha Tiwary,https://thewire.in/books/alice-munros-daughter-step-father-abuse-complicity,Neutral,1,Correct,
The Wire,7/8/2024,Beyond the Film Maharaj: Uncovering the Legacy of Karsandas Mulji and the Libel Case,Amrita Shodhan,https://thewire.in/culture/beyond-the-film-maharaj-uncovering-the-legacy-of-karsandas-mulji-and-the-libel-case,Neutral,1,Correct,
The Wire,7/8/2024,"PM Modi Arrives in Moscow, to Hold Talks with Putin to Boost India-Russia Bilateral Ties",The Wire Staff,https://thewire.in/diplomacy/pm-modi-arrives-in-moscow-to-hold-talks-with-putin-to-boost-india-russia-bilateral-ties,Positive,0.162,Correct,
The Wire,7/8/2024,UK: Victorious Labour Offers Business as Usual on Big Picture Issues When What People Want is Change,Inderjeet Parmar,https://thewire.in/world/labour-business-as-usual-people-want-change,Positive,0.075,correct,
The Wire,7/10/2024,"Can't Send Back Refugees Fleeing Bangladesh Army,' Mizoram CM Lalduhoma Tells PM Modi",No Author,https://thewire.in/politics/lalduhoma-mizoram-chief-minister-modi-refugees,Neutral,1,Author Missing ,The Wire Staff is the Author according to the web page which is missing in excel sheet
The Wire,7/10/2024,Rahul Gandhi's Humane Hinduism Totally Differs from Violent and Hateful Hindutva of BJP-RSS,Ram Puniyani,https://thewire.in/politics/rahul-gandhis-humane-hinduism-totally-differs-from-violent-and-hateful-hindutva-of-bjp-rss,Negative,0.401,correct,
The Wire,7/9/2024,"From Gandhi’s Satyagrahis to Rahul's ‘Abhay Mudra’, a Lesson on Fearlessness",S.N. Sahu,https://thewire.in/society/gandhi-satyagraha-rahul-abhay-mudra-fearless,Positive,0.189,Correct,
The Wire,7/10/2024,"Deeply Hurt' with BJP Over Not Finding Place in Union Cabinet, Says Karnataka Dalit MP",No Author,https://thewire.in/politics/deeply-hurt-with-bjp-over-not-finding-place-in-union-cabinet-says-dalit-mp-ramesh-jigajinagi,Negative,0.209,Author Missing ,The Wire Staff is the Author according to the web page which is missing in excel sheet
The Wire,7/10/2024,"Delhi Excise Policy Case: Court Takes Cognisance of ED Chargesheet Making Kejriwal, AAP accused",The Wire Staff,https://thewire.in/law/delhi-excise-policy-case-court-takes-cognisance-of-ed-chargesheet-making-kejriwal-aap-accused,Negative,0.145,correct,
The Wire,7/10/2024,"18 Dead, 19 Injured as Sleeper Bus Collides With Milk Tanker In Uttar Pradesh",The Wire Staff,https://thewire.in/government/18-dead-19-injured-as-sleeper-bus-collides-with-milk-tanker-in-uttar-pradesh,Negative,0.453,correct,
The Wire,7/10/2024,"Gaza Death Toll Could Be Five Times Higher Than Health Ministry Estimates, Lancet Article Says",The Wire Staff,https://thewire.in/world/gaza-death-toll-up-to-186000-lancet-correspondence,Negative,0.218,Incorrect Heading ,"""Gaza Deaths Could Eventually Be Five Times Higher than Current Toll"" is the heading in web page which is different from the excel data"